INSERT INTO public.show_entity (id, name, poster)
VALUES ('63830d72-6189-4653-9a87-deb775469726', 'Attack on Titan', 'https://m.media-amazon.com/images/M/MV5BNDFjYTIxMjctYTQ2ZC00OGQ4LWE3OGYtNDdiMzNiNDZlMDAwXkEyXkFqcGdeQXVyNzI3NjY3NjQ@._V1_FMjpg_UX1000_.jpg');

INSERT INTO public.show_entity (id, name, poster)
VALUES ('ed597572-506e-4316-ad6a-7d406632714a', 'Jujutsu Kaisen', 'https://m.media-amazon.com/images/M/MV5BMTMwMDM4N2EtOTJiYy00OTQ0LThlZDYtYWUwOWFlY2IxZGVjXkEyXkFqcGdeQXVyNjAwNDUxODI@._V1_FMjpg_UX1000_.jpg');

INSERT INTO public.show_entity (id, name, poster)
VALUES ('18f64548-1e1b-467b-9eaa-e707e89c6d8e', 'Haikyuu!!', 'https://m.media-amazon.com/images/M/MV5BNjkyNDI2MTgtN2Y3NS00M2RjLWJhNDMtMmNmZmUwMDQwZTE1XkEyXkFqcGdeQXVyNjAwNDUxODI@._V1_FMjpg_UX1000_.jpg');

INSERT INTO public.show_entity (id, name, poster)
VALUES ('9ff2b7d5-8970-42a2-87f9-401948d5fb02', 'Friends', 'https://m.media-amazon.com/images/M/MV5BNDVkYjU0MzctMWRmZi00NTkxLTgwZWEtOWVhYjZlYjllYmU4XkEyXkFqcGdeQXVyNTA4NzY1MzY@._V1_.jpg');

INSERT INTO public.show_entity (id, name, poster)
VALUES ('60a52ef7-399e-457e-9fac-f524bebfc237', 'Breaking Bad', 'https://m.media-amazon.com/images/M/MV5BYTU3NWI5OGMtZmZhNy00MjVmLTk1YzAtZjA3ZDA3NzcyNDUxXkEyXkFqcGdeQXVyODY5Njk4Njc@._V1_.jpg');

INSERT INTO public.show_entity (id, name, poster)
VALUES ('7bcf223d-b5e2-0cc2-d176-f8c67a2fcada', 'Game of Thrones', 'https://i.insider.com/56cdecd62e526554008b9413?width=1000&format=jpeg&auto=webp');

INSERT INTO public.show_entity (id, name, poster)
VALUES ('7ffaf3bb-aa48-aa3e-af9a-abedddf3fcfe', 'The Office', 'https://m.media-amazon.com/images/M/MV5BMDNkOTE4NDQtMTNmYi00MWE0LWE4ZTktYTc0NzhhNWIzNzJiXkEyXkFqcGdeQXVyMzQ2MDI5NjU@._V1_.jpg');

INSERT INTO public.show_entity (id, name, poster)
VALUES ('aec20e7b-a2f5-ffea-f336-5a686cea00c2', 'Stranger Things', 'https://m.media-amazon.com/images/M/MV5BN2EyZWIwYjItZWM2Mi00YzM1LWFhYzQtZGZmYzlhNWZkYWQyXkEyXkFqcGdeQXVyNDI0MTA5NTE@._V1_.jpg');

INSERT INTO public.show_entity (id, name, poster)
VALUES ('6c2b62c0-39e8-dcbe-f377-b2668c17538e', 'The Simpsons', 'https://m.media-amazon.com/images/M/MV5BYjFkMTlkYWUtZWFhNy00M2FmLThiOTYtYTRiYjVlZWYxNmJkXkEyXkFqcGdeQXVyNTAyODkwOQ@@._V1_FMjpg_UX1000_.jpg');

INSERT INTO public.show_entity (id, name, poster)
VALUES ('0b5f40ba-982b-8fc3-da1e-ee723a62075e', 'The Big Bang Theory', 'https://m.media-amazon.com/images/M/MV5BY2FmZTY5YTktOWRlYy00NmIyLWE0ZmQtZDg2YjlmMzczZDZiXkEyXkFqcGdeQXVyNjg4NzAyOTA@._V1_.jpg');

INSERT INTO public.show_entity (id, name, poster)
VALUES ('83d9657f-9478-c423-16ba-d2e4d7d8e9e4', 'Grey''s Anatomy', 'https://m.media-amazon.com/images/M/MV5BODA2Mjk0N2MtNGY0Mi00ZWFjLTkxODEtZDFjNDg4ZDliMGVmXkEyXkFqcGdeQXVyMzAzNTY3MDM@._V1_FMjpg_UX1000_.jpg');

INSERT INTO public.show_entity (id, name, poster)
VALUES ('d3e8fde3-cefa-0f3e-cdfa-22dc581b46eb', 'The Walking Dead', 'https://www.themoviedb.org/t/p/w500/n7PVu0hSz2sAsVekpOIoCnkWlbn.jpg');

INSERT INTO public.show_entity (id, name, poster)
VALUES ('dfbce484-3e9c-df93-ca51-4c66dd8ced62', 'The Crown', 'https://m.media-amazon.com/images/M/MV5BMjAxOTA2Mjc3MF5BMl5BanBnXkFtZTgwMTMxMzIxNDM@._V1_.jpg');

INSERT INTO public.show_entity (id, name, poster)
VALUES ('9eff880d-67d7-b949-6ad2-0055c57ac51c', 'Dark', 'https://m.media-amazon.com/images/M/MV5BOTk2NzUyOTctZDdlMS00MDJlLTgzNTEtNzQzYjFhNjA0YjBjXkEyXkFqcGdeQXVyMjg1NDcxNDE@._V1_.jpg');

INSERT INTO public.show_entity (id, name, poster)
VALUES ('cf3abb21-f8c7-968c-bbd7-4d7cd79df4ef', 'Brooklyn Nine-Nine', 'https://m.media-amazon.com/images/M/MV5BNzVkYWY4NzYtMWFlZi00YzkwLThhZDItZjcxYTU4ZTMzMDZmXkEyXkFqcGdeQXVyODUxOTU0OTg@._V1_FMjpg_UX1000_.jpg');

INSERT INTO public.show_entity (id, name, poster)
VALUES ('acdd94ce-0d9a-33ab-184f-48a5cad81df8', 'Sex Education', 'https://m.media-amazon.com/images/M/MV5BNjJkYTI1MjAtNTcxZC00YmU5LWExMDAtZTg3YzRhMDNmYmEwXkEyXkFqcGdeQXVyMTEyMjM2NDc2._V1_.jpg');

INSERT INTO public.show_entity (id, name, poster)
VALUES ('d8be101b-e67d-97ec-6faf-23a93a2ddafb', 'The Boys', 'https://m.media-amazon.com/images/M/MV5BOTEyNDJhMDAtY2U5ZS00OTMzLTkwODktMjU3MjFkZWVlMGYyXkEyXkFqcGdeQXVyMjkwOTAyMDU@._V1_FMjpg_UX1000_.jpg');

INSERT INTO public.show_entity (id, name, poster)
VALUES ('1fc8e1ce-95bf-0efd-b11b-fef499b6afa0', 'Arcane', 'https://m.media-amazon.com/images/M/MV5BMWYxNGJhNmQtZmI4OS00NjQ1LThmNzAtY2JkYmQ5NjliNDgwXkEyXkFqcGdeQXVyODc0OTEyNDU@._V1_.jpg');

INSERT INTO public.show_entity (id, name, poster)
VALUES ('d54c70ce-c4e9-d67e-7d8f-ad7f3057e481', 'Succession', 'https://m.media-amazon.com/images/M/MV5BODY5YjA3ZDgtM2EwYy00ZGVmLWFhNWItMTMxMWRkMWFiOTlkXkEyXkFqcGdeQXVyMTMzNDExODE5._V1_FMjpg_UX1000_.jpg');

INSERT INTO public.show_entity (id, name, poster)
VALUES ('e4a4b7f6-6cfe-20b5-7f5b-bb8baeac18eb', 'Severance', 'https://m.media-amazon.com/images/M/MV5BMjkwZjcwMGQtNDAzOC00YjJiLThiYTgtNWU3ZjRiZmY2YzEzXkEyXkFqcGdeQXVyMTMzNDExODE5._V1_FMjpg_UX1000_.jpg');

INSERT INTO public.show_entity (id, name, poster)
VALUES ('0c38d56a-fd5d-43b3-935c-7ce8a6b9ede8', 'Squid Game', 'https://m.media-amazon.com/images/M/MV5BYWE3MDVkN2EtNjQ5MS00ZDQ4LTliNzYtMjc2YWMzMDEwMTA3XkEyXkFqcGdeQXVyMTEzMTI1Mjk3._V1_FMjpg_UX1000_.jpg');

INSERT INTO public.show_entity (id, name, poster)
VALUES ('b7cd7669-a2ea-852f-fd9b-17127aa8e153', 'WandaVision', 'https://m.media-amazon.com/images/M/MV5BZGEwYmMwZmMtMTQ3MS00YWNhLWEwMmQtZTU5YTIwZmJjZGQ0XkEyXkFqcGdeQXVyMTI5MzA5MjA1._V1_.jpg');

INSERT INTO public.show_entity (id, name, poster)
VALUES ('d91477b4-0577-bc1b-ff4e-8ad397c460ad', 'The Queen''s Gambit', 'https://m.media-amazon.com/images/I/61URhmbYDjL.jpg');

INSERT INTO public.show_entity (id, name, poster)
VALUES ('7f9cad09-bf63-a60c-573b-9ca34ee146e7', 'Euphoria', 'https://m.media-amazon.com/images/M/MV5BMDMzZDkyNzEtYTY5Ni00NzlhLWI4MzUtY2UzNjNmMjI1YzIzXkEyXkFqcGdeQXVyMDM2NDM2MQ@@._V1_FMjpg_UX1000_.jpg');

INSERT INTO public.show_entity (id, name, poster)
VALUES ('c8fa9fef-daff-922b-4bd0-b9b06fbd278c', 'Fleabag', 'https://m.media-amazon.com/images/M/MV5BMjA4MzU5NzQxNV5BMl5BanBnXkFtZTgwOTg3MDA5NzM@._V1_.jpg');

INSERT INTO public.show_entity (id, name, poster)
VALUES ('7517fefa-2889-cc27-cdf8-b11c6ce51393', 'Skins', 'https://m.media-amazon.com/images/M/MV5BNzFkNWI4ZGEtZDhhOC00MGE5LWEzYmYtZGU5MGYxYjc5ZmZmXkEyXkFqcGdeQXVyMTA0MTM5NjI2._V1_FMjpg_UX1000_.jpg');

INSERT INTO public.show_entity (id, name, poster)
VALUES ('471ae3fb-e428-fc23-9a35-50dd9e6e6e8e', 'Community', 'https://m.media-amazon.com/images/M/MV5BNDQ5NDZiYjktZmFmMy00MjAxLTk1MDktOGZjYTY5YTE1ODdmXkEyXkFqcGdeQXVyNjcwMzEzMTU@._V1_.jpg');

INSERT INTO public.show_entity (id, name, poster)
VALUES ('008a58ab-914b-52c0-8fbf-9f856a25ae64', 'The Sopranos', 'https://i.pinimg.com/originals/09/cd/52/09cd52c69aa3f2d1ff0a7fa4e82ac511.jpg');

INSERT INTO public.show_entity (id, name, poster)
VALUES ('2c35f8ec-f67a-5cd5-9a02-462c9c594c51', 'Rick and Morty', 'https://m.media-amazon.com/images/M/MV5BZjRjOTFkOTktZWUzMi00YzMyLThkMmYtMjEwNmQyNzliYTNmXkEyXkFqcGdeQXVyNzQ1ODk3MTQ@._V1_.jpg');

INSERT INTO public.show_entity (id, name, poster)
VALUES ('80717d7f-9358-259f-5e65-bb54d1accbce', 'Sherlock', 'https://m.media-amazon.com/images/M/MV5BMWEzNTFlMTQtMzhjOS00MzQ1LWJjNjgtY2RhMjFhYjQwYjIzXkEyXkFqcGdeQXVyNDIzMzcwNjc@._V1_FMjpg_UX1000_.jpg');

INSERT INTO public.show_entity (id, name, poster)
VALUES ('ebabc6ce-a497-4e6c-3119-cb2db1fcd4b0', 'Better Call Saul', 'https://m.media-amazon.com/images/M/MV5BZDA4YmE0OTYtMmRmNS00Mzk2LTlhM2MtNjk4NzBjZGE1MmIyXkEyXkFqcGdeQXVyMTMzNDExODE5._V1_FMjpg_UX1000_.jpg');

INSERT INTO public.show_entity (id, name, poster)
VALUES ('13cca053-5aac-09ab-ac84-ce49dcdd1f89', 'Black Mirror', 'https://m.media-amazon.com/images/M/MV5BZTgyNTBkNzctN2I3NC00NTA1LWJiMDMtYzA2MmYyZjc1NWQzXkEyXkFqcGdeQXVyMTUzMTg2ODkz._V1_.jpg');

INSERT INTO public.show_entity (id, name, poster)
VALUES ('498e8c5a-a7fc-fd90-794e-6f7e5f5eda9d', 'House of the Dragon', 'https://m.media-amazon.com/images/M/MV5BZjBiOGIyY2YtOTA3OC00YzY1LThkYjktMGRkYTNhNTExY2I2XkEyXkFqcGdeQXVyMTEyMjM2NDc2._V1_.jpg');

INSERT INTO public.show_entity (id, name, poster)
VALUES ('ddccf36d-d4d7-cf5d-82db-93985fab33ac', 'Peaky Blinders', 'https://m.media-amazon.com/images/M/MV5BZjYzZDgzMmYtYjY5Zi00YTk1LThhMDYtNjFlNzM4MTZhYzgyXkEyXkFqcGdeQXVyMTE5NDQ1MzQ3._V1_.jpg');

INSERT INTO public.show_entity (id, name, poster)
VALUES ('1d4d598f-2aa6-f821-7857-eff06fe0a4f3', 'Ozark', 'https://m.media-amazon.com/images/M/MV5BZDUxMWNlMTUtYTljZS00MTE0LTlkYjktOTU1ODZjYzBhMTk0XkEyXkFqcGdeQXVyMTEyMjM2NDc2._V1_FMjpg_UX1000_.jpg');

INSERT INTO public.show_entity (id, name, poster)
VALUES ('7c9af1ee-d1ce-97d2-b4a3-f2abea1a150b', 'Orange Is the New Black', 'https://m.media-amazon.com/images/M/MV5BYjYyM2FmMmMtZDgyZi00NGU3LWI3NzktODllZDY0YzQyNzgyXkEyXkFqcGdeQXVyMTkxNjUyNQ@@._V1_.jpg');

INSERT INTO public.show_entity (id, name, poster)
VALUES ('cc485d12-bdcc-331d-c79a-99ba89186af6', 'House of Cards', 'https://m.media-amazon.com/images/M/MV5BNmM4ODU1MzItODYyYi00Y2U0LWFjZjItYTRhZWIwOGMyZTRhXkEyXkFqcGdeQXVyNjc2NTQ4Nzk@._V1_FMjpg_UX1000_.jpg');

INSERT INTO public.show_entity (id, name, poster)
VALUES ('d1f6b2f3-2be8-22c1-b051-cbe8e9dc8b8b', 'American Horror Story', 'https://m.media-amazon.com/images/I/51+Y0zWaWpL.jpg');

INSERT INTO public.show_entity (id, name, poster)
VALUES ('3350cca5-dd6f-1d8e-be9a-a6a4990f3caa', 'The Haunting of Hill House', 'https://m.media-amazon.com/images/M/MV5BMTU4NzA4MDEwNF5BMl5BanBnXkFtZTgwMTQxODYzNjM@._V1_.jpg');

INSERT INTO public.show_entity (id, name, poster)
VALUES ('2ec9fd08-30f8-dbd3-dc54-359fbb42f189', 'Doctor Who', 'https://m.media-amazon.com/images/M/MV5BZjM0N2I0OTktN2NmOS00YThmLTlkODMtMWQyOTQ4MDlkMzcxXkEyXkFqcGdeQXVyMTUzMTg2ODkz._V1_FMjpg_UX1000_.jpg');

INSERT INTO public.show_entity (id, name, poster)
VALUES ('fbc39b0a-ada7-64d2-e0b5-c5cc8c7ccb42', 'The Witcher', 'https://m.media-amazon.com/images/M/MV5BMDEwOWVlY2EtMWI0ZC00OWVmLWJmZGItYTk3YjYzN2Y0YmFkXkEyXkFqcGdeQXVyMTUzMTg2ODkz._V1_FMjpg_UX1000_.jpg');

INSERT INTO public.show_entity (id, name, poster)
VALUES ('2f6a697d-49c7-4b31-99bb-d9a4aff4006c', 'Yo soy Betty, la Fea', 'https://m.media-amazon.com/images/M/MV5BM2U4YzM5ZTItNGFmZi00MDRhLTgyMjUtZDJjMTI2ZmU5ZjNlXkEyXkFqcGdeQXVyMTcxNTYyMjM@._V1_FMjpg_UX1000_.jpg');

INSERT INTO public.user_entity (id, name, email, password)
VALUES ('83a5bc1c-1e76-41d9-8bef-8c92d5b52185', 'Laura Restrepo', 'l.restrepop@uniandes.edu.co', 'Tommy2013');

INSERT INTO public.user_entity (id, name, email, password)
VALUES ('bc85d923-857e-4d25-8e7d-c7f7fa7a8b8b', 'Isabela Martinez', 'l.martinezg@uniandes.edu.co', 'Pepe2020');

INSERT INTO public.user_entity (id, name, email, password)
VALUES ('e59a1251-e430-4a9e-802f-f74c39e3477a', 'Gwen Ancel', 'g.ancel@uniandes.edu.co', 'Flake2018');

INSERT INTO public.user_entity (id, name, email, password)
VALUES ('4fb0d192-696c-40f4-b327-f368325d9018', 'Alejandro Tovar', 'da.tovar10@uniandes.edu.co', 'Firulais2023');

INSERT INTO public.genre_entity (id, "nameEN", "nameES", "nameFR")
VALUES ('d4abdf63-dae3-4857-92c8-5e507f43ef3c', 'Comedy', 'Comedia', 'Comédie');

INSERT INTO public.genre_entity (id, "nameEN", "nameES", "nameFR")
VALUES ('f383a1b3-ca0c-4e16-b7b1-7198de7929e5', 'Drama', 'Drama', 'Drame');

INSERT INTO public.genre_entity (id, "nameEN", "nameES", "nameFR")
VALUES ('499eb266-d4ee-4cb0-8a29-604fd4cfb90a', 'Action', 'Acción', 'Action');

INSERT INTO public.genre_entity (id, "nameEN", "nameES", "nameFR")
VALUES ('0d1aa973-c906-4ce5-9de7-9c4324bc5c46', 'Thriller', 'Suspenso', 'Thriller');

INSERT INTO public.genre_entity (id, "nameEN", "nameES", "nameFR")
VALUES ('2efc15d8-d5d1-4baa-b1eb-6bd8f71bfda2', 'Sci-Fi', 'Ciencia Ficción', 'Science-Fiction');

INSERT INTO public.genre_entity (id, "nameEN", "nameES", "nameFR")
VALUES ('de36a146-3f8d-4238-90c7-500d34e77353', 'Fantasy', 'Fantasía', 'Fantaisie');

INSERT INTO public.genre_entity (id, "nameEN", "nameES", "nameFR")
VALUES ('53a2d079-ec35-4b26-be3f-561311b04f3f', 'Crime', 'Crimen', 'Crime');

INSERT INTO public.genre_entity (id, "nameEN", "nameES", "nameFR")
VALUES ('79b43996-98e8-475b-9dfb-e67c55e04a46', 'Mystery', 'Misterio', 'Mystère');

INSERT INTO public.genre_entity (id, "nameEN", "nameES", "nameFR")
VALUES ('416663d9-9a7a-4419-82c6-169c6c5c5052', 'Romance', 'Romance', 'Romance');

INSERT INTO public.genre_entity (id, "nameEN", "nameES", "nameFR")
VALUES ('5ae2f56f-3866-4649-9801-bd98922cf39c', 'Horror', 'Horror', 'Horreur');

INSERT INTO public.genre_entity (id, "nameEN", "nameES", "nameFR")
VALUES ('70f8a36c-9169-4d3b-9e26-071f012e28aa', 'Adventure', 'Aventura', 'Aventure');

INSERT INTO public.genre_entity (id, "nameEN", "nameES", "nameFR")
VALUES ('60724974-8c5c-4ef7-8f59-0fa98584b104', 'Animation', 'Animación', 'Animation');

INSERT INTO public.genre_entity (id, "nameEN", "nameES", "nameFR")
VALUES ('492923a0-1afc-4d7d-ae4a-58fdbdccccae', 'Family', 'Familia', 'Famille');

INSERT INTO public.genre_entity (id, "nameEN", "nameES", "nameFR")
VALUES ('09f82e5f-9cc2-4f3f-9ec3-8372c6641008', 'Reality', 'Reality', 'Télé-Réalité');

INSERT INTO public.genre_entity (id, "nameEN", "nameES", "nameFR")
VALUES ('8b61da8d-3e23-40af-91bd-531d999442ad', 'Documentary', 'Documental', 'Documentaire');

INSERT INTO public.genre_entity (id, "nameEN", "nameES", "nameFR")
VALUES ('b99ea587-98af-40bf-aadc-6fcc371ff6e0', 'History', 'Historia', 'Histoire'); 

INSERT INTO public.show_genres ("showEntityId", "genreEntityId")
VALUES ('63830d72-6189-4653-9a87-deb775469726', '499eb266-d4ee-4cb0-8a29-604fd4cfb90a'); 

INSERT INTO public.show_genres ("showEntityId", "genreEntityId")
VALUES ('63830d72-6189-4653-9a87-deb775469726', '60724974-8c5c-4ef7-8f59-0fa98584b104'); 

INSERT INTO public.show_genres ("showEntityId", "genreEntityId")
VALUES ('63830d72-6189-4653-9a87-deb775469726', '70f8a36c-9169-4d3b-9e26-071f012e28aa'); 

INSERT INTO public.show_genres ("showEntityId", "genreEntityId")
VALUES ('ed597572-506e-4316-ad6a-7d406632714a', '499eb266-d4ee-4cb0-8a29-604fd4cfb90a'); 

INSERT INTO public.show_genres ("showEntityId", "genreEntityId")
VALUES ('ed597572-506e-4316-ad6a-7d406632714a', '60724974-8c5c-4ef7-8f59-0fa98584b104'); 

INSERT INTO public.show_genres ("showEntityId", "genreEntityId")
VALUES ('ed597572-506e-4316-ad6a-7d406632714a', '70f8a36c-9169-4d3b-9e26-071f012e28aa'); 

INSERT INTO public.show_genres ("showEntityId", "genreEntityId")
VALUES ('18f64548-1e1b-467b-9eaa-e707e89c6d8e', '60724974-8c5c-4ef7-8f59-0fa98584b104'); 

INSERT INTO public.show_genres ("showEntityId", "genreEntityId")
VALUES ('18f64548-1e1b-467b-9eaa-e707e89c6d8e', 'd4abdf63-dae3-4857-92c8-5e507f43ef3c'); 

INSERT INTO public.show_genres ("showEntityId", "genreEntityId")
VALUES ('9ff2b7d5-8970-42a2-87f9-401948d5fb02', 'd4abdf63-dae3-4857-92c8-5e507f43ef3c'); 

INSERT INTO public.show_genres ("showEntityId", "genreEntityId")
VALUES ('9ff2b7d5-8970-42a2-87f9-401948d5fb02', '416663d9-9a7a-4419-82c6-169c6c5c5052'); 

INSERT INTO public.show_genres ("showEntityId", "genreEntityId")
VALUES ('60a52ef7-399e-457e-9fac-f524bebfc237', '53a2d079-ec35-4b26-be3f-561311b04f3f');

INSERT INTO public.show_genres ("showEntityId", "genreEntityId")
VALUES ('60a52ef7-399e-457e-9fac-f524bebfc237', 'f383a1b3-ca0c-4e16-b7b1-7198de7929e5');

INSERT INTO public.show_genres ("showEntityId", "genreEntityId")
VALUES ('60a52ef7-399e-457e-9fac-f524bebfc237', '0d1aa973-c906-4ce5-9de7-9c4324bc5c46');

INSERT INTO public.show_genres ("showEntityId", "genreEntityId")
VALUES ('7bcf223d-b5e2-0cc2-d176-f8c67a2fcada', '499eb266-d4ee-4cb0-8a29-604fd4cfb90a');

INSERT INTO public.show_genres ("showEntityId", "genreEntityId")
VALUES ('7bcf223d-b5e2-0cc2-d176-f8c67a2fcada', '70f8a36c-9169-4d3b-9e26-071f012e28aa');

INSERT INTO public.show_genres ("showEntityId", "genreEntityId")
VALUES ('7bcf223d-b5e2-0cc2-d176-f8c67a2fcada', 'f383a1b3-ca0c-4e16-b7b1-7198de7929e5');

INSERT INTO public.show_genres ("showEntityId", "genreEntityId")
VALUES ('7ffaf3bb-aa48-aa3e-af9a-abedddf3fcfe', 'd4abdf63-dae3-4857-92c8-5e507f43ef3c');

INSERT INTO public.show_genres ("showEntityId", "genreEntityId")
VALUES ('aec20e7b-a2f5-ffea-f336-5a686cea00c2', 'f383a1b3-ca0c-4e16-b7b1-7198de7929e5');

INSERT INTO public.show_genres ("showEntityId", "genreEntityId")
VALUES ('aec20e7b-a2f5-ffea-f336-5a686cea00c2', 'de36a146-3f8d-4238-90c7-500d34e77353');

INSERT INTO public.show_genres ("showEntityId", "genreEntityId")
VALUES ('aec20e7b-a2f5-ffea-f336-5a686cea00c2', '5ae2f56f-3866-4649-9801-bd98922cf39c');

INSERT INTO public.show_genres ("showEntityId", "genreEntityId")
VALUES ('6c2b62c0-39e8-dcbe-f377-b2668c17538e', '60724974-8c5c-4ef7-8f59-0fa98584b104');

INSERT INTO public.show_genres ("showEntityId", "genreEntityId")
VALUES ('6c2b62c0-39e8-dcbe-f377-b2668c17538e', 'd4abdf63-dae3-4857-92c8-5e507f43ef3c');

INSERT INTO public.show_genres ("showEntityId", "genreEntityId")
VALUES ('0b5f40ba-982b-8fc3-da1e-ee723a62075e', 'd4abdf63-dae3-4857-92c8-5e507f43ef3c');

INSERT INTO public.show_genres ("showEntityId", "genreEntityId")
VALUES ('0b5f40ba-982b-8fc3-da1e-ee723a62075e', '416663d9-9a7a-4419-82c6-169c6c5c5052');

INSERT INTO public.show_genres ("showEntityId", "genreEntityId")
VALUES ('83d9657f-9478-c423-16ba-d2e4d7d8e9e4', 'f383a1b3-ca0c-4e16-b7b1-7198de7929e5');

INSERT INTO public.show_genres ("showEntityId", "genreEntityId")
VALUES ('83d9657f-9478-c423-16ba-d2e4d7d8e9e4', '416663d9-9a7a-4419-82c6-169c6c5c5052');

INSERT INTO public.show_genres ("showEntityId", "genreEntityId")
VALUES ('d3e8fde3-cefa-0f3e-cdfa-22dc581b46eb', 'f383a1b3-ca0c-4e16-b7b1-7198de7929e5');

INSERT INTO public.show_genres ("showEntityId", "genreEntityId")
VALUES ('d3e8fde3-cefa-0f3e-cdfa-22dc581b46eb', '5ae2f56f-3866-4649-9801-bd98922cf39c');

INSERT INTO public.show_genres ("showEntityId", "genreEntityId")
VALUES ('d3e8fde3-cefa-0f3e-cdfa-22dc581b46eb', '0d1aa973-c906-4ce5-9de7-9c4324bc5c46');

INSERT INTO public.show_genres ("showEntityId", "genreEntityId")
VALUES ('dfbce484-3e9c-df93-ca51-4c66dd8ced62', 'f383a1b3-ca0c-4e16-b7b1-7198de7929e5');

INSERT INTO public.show_genres ("showEntityId", "genreEntityId")
VALUES ('dfbce484-3e9c-df93-ca51-4c66dd8ced62', 'b99ea587-98af-40bf-aadc-6fcc371ff6e0');

INSERT INTO public.show_genres ("showEntityId", "genreEntityId")
VALUES ('9eff880d-67d7-b949-6ad2-0055c57ac51c', '53a2d079-ec35-4b26-be3f-561311b04f3f');

INSERT INTO public.show_genres ("showEntityId", "genreEntityId")
VALUES ('9eff880d-67d7-b949-6ad2-0055c57ac51c', 'f383a1b3-ca0c-4e16-b7b1-7198de7929e5');

INSERT INTO public.show_genres ("showEntityId", "genreEntityId")
VALUES ('9eff880d-67d7-b949-6ad2-0055c57ac51c', '79b43996-98e8-475b-9dfb-e67c55e04a46');

INSERT INTO public.show_genres ("showEntityId", "genreEntityId")
VALUES ('cf3abb21-f8c7-968c-bbd7-4d7cd79df4ef', 'd4abdf63-dae3-4857-92c8-5e507f43ef3c');

INSERT INTO public.show_genres ("showEntityId", "genreEntityId")
VALUES ('cf3abb21-f8c7-968c-bbd7-4d7cd79df4ef', '53a2d079-ec35-4b26-be3f-561311b04f3f');

INSERT INTO public.show_genres ("showEntityId", "genreEntityId")
VALUES ('acdd94ce-0d9a-33ab-184f-48a5cad81df8', 'd4abdf63-dae3-4857-92c8-5e507f43ef3c');

INSERT INTO public.show_genres ("showEntityId", "genreEntityId")
VALUES ('acdd94ce-0d9a-33ab-184f-48a5cad81df8', 'f383a1b3-ca0c-4e16-b7b1-7198de7929e5');

INSERT INTO public.show_genres ("showEntityId", "genreEntityId")
VALUES ('d8be101b-e67d-97ec-6faf-23a93a2ddafb', '499eb266-d4ee-4cb0-8a29-604fd4cfb90a');

INSERT INTO public.show_genres ("showEntityId", "genreEntityId")
VALUES ('d8be101b-e67d-97ec-6faf-23a93a2ddafb', 'd4abdf63-dae3-4857-92c8-5e507f43ef3c');

INSERT INTO public.show_genres ("showEntityId", "genreEntityId")
VALUES ('d8be101b-e67d-97ec-6faf-23a93a2ddafb', '53a2d079-ec35-4b26-be3f-561311b04f3f');

INSERT INTO public.show_genres ("showEntityId", "genreEntityId")
VALUES ('1fc8e1ce-95bf-0efd-b11b-fef499b6afa0', '499eb266-d4ee-4cb0-8a29-604fd4cfb90a');

INSERT INTO public.show_genres ("showEntityId", "genreEntityId")
VALUES ('1fc8e1ce-95bf-0efd-b11b-fef499b6afa0', '70f8a36c-9169-4d3b-9e26-071f012e28aa');

INSERT INTO public.show_genres ("showEntityId", "genreEntityId")
VALUES ('1fc8e1ce-95bf-0efd-b11b-fef499b6afa0', '60724974-8c5c-4ef7-8f59-0fa98584b104');

INSERT INTO public.show_genres ("showEntityId", "genreEntityId")
VALUES ('d54c70ce-c4e9-d67e-7d8f-ad7f3057e481', 'd4abdf63-dae3-4857-92c8-5e507f43ef3c');

INSERT INTO public.show_genres ("showEntityId", "genreEntityId")
VALUES ('d54c70ce-c4e9-d67e-7d8f-ad7f3057e481', 'f383a1b3-ca0c-4e16-b7b1-7198de7929e5');

INSERT INTO public.show_genres ("showEntityId", "genreEntityId")
VALUES ('e4a4b7f6-6cfe-20b5-7f5b-bb8baeac18eb', 'f383a1b3-ca0c-4e16-b7b1-7198de7929e5');

INSERT INTO public.show_genres ("showEntityId", "genreEntityId")
VALUES ('e4a4b7f6-6cfe-20b5-7f5b-bb8baeac18eb', '79b43996-98e8-475b-9dfb-e67c55e04a46');

INSERT INTO public.show_genres ("showEntityId", "genreEntityId")
VALUES ('e4a4b7f6-6cfe-20b5-7f5b-bb8baeac18eb', '2efc15d8-d5d1-4baa-b1eb-6bd8f71bfda2');

INSERT INTO public.show_genres ("showEntityId", "genreEntityId")
VALUES ('0c38d56a-fd5d-43b3-935c-7ce8a6b9ede8', '499eb266-d4ee-4cb0-8a29-604fd4cfb90a');

INSERT INTO public.show_genres ("showEntityId", "genreEntityId")
VALUES ('0c38d56a-fd5d-43b3-935c-7ce8a6b9ede8', 'f383a1b3-ca0c-4e16-b7b1-7198de7929e5');

INSERT INTO public.show_genres ("showEntityId", "genreEntityId")
VALUES ('0c38d56a-fd5d-43b3-935c-7ce8a6b9ede8', '79b43996-98e8-475b-9dfb-e67c55e04a46');

INSERT INTO public.show_genres ("showEntityId", "genreEntityId")
VALUES ('b7cd7669-a2ea-852f-fd9b-17127aa8e153', '499eb266-d4ee-4cb0-8a29-604fd4cfb90a');

INSERT INTO public.show_genres ("showEntityId", "genreEntityId")
VALUES ('b7cd7669-a2ea-852f-fd9b-17127aa8e153', 'f383a1b3-ca0c-4e16-b7b1-7198de7929e5');

INSERT INTO public.show_genres ("showEntityId", "genreEntityId")
VALUES ('b7cd7669-a2ea-852f-fd9b-17127aa8e153', 'd4abdf63-dae3-4857-92c8-5e507f43ef3c');

INSERT INTO public.show_genres ("showEntityId", "genreEntityId")
VALUES ('d91477b4-0577-bc1b-ff4e-8ad397c460ad', 'f383a1b3-ca0c-4e16-b7b1-7198de7929e5');

INSERT INTO public.show_genres ("showEntityId", "genreEntityId")
VALUES ('7f9cad09-bf63-a60c-573b-9ca34ee146e7', 'f383a1b3-ca0c-4e16-b7b1-7198de7929e5');

INSERT INTO public.show_genres ("showEntityId", "genreEntityId")
VALUES ('c8fa9fef-daff-922b-4bd0-b9b06fbd278c', 'd4abdf63-dae3-4857-92c8-5e507f43ef3c');

INSERT INTO public.show_genres ("showEntityId", "genreEntityId")
VALUES ('c8fa9fef-daff-922b-4bd0-b9b06fbd278c', 'f383a1b3-ca0c-4e16-b7b1-7198de7929e5');

INSERT INTO public.show_genres ("showEntityId", "genreEntityId")
VALUES ('7517fefa-2889-cc27-cdf8-b11c6ce51393', 'f383a1b3-ca0c-4e16-b7b1-7198de7929e5');

INSERT INTO public.show_genres ("showEntityId", "genreEntityId")
VALUES ('471ae3fb-e428-fc23-9a35-50dd9e6e6e8e', 'd4abdf63-dae3-4857-92c8-5e507f43ef3c');

INSERT INTO public.show_genres ("showEntityId", "genreEntityId")
VALUES ('008a58ab-914b-52c0-8fbf-9f856a25ae64', '53a2d079-ec35-4b26-be3f-561311b04f3f');

INSERT INTO public.show_genres ("showEntityId", "genreEntityId")
VALUES ('008a58ab-914b-52c0-8fbf-9f856a25ae64', 'f383a1b3-ca0c-4e16-b7b1-7198de7929e5');

INSERT INTO public.show_genres ("showEntityId", "genreEntityId")
VALUES ('2c35f8ec-f67a-5cd5-9a02-462c9c594c51', '70f8a36c-9169-4d3b-9e26-071f012e28aa');

INSERT INTO public.show_genres ("showEntityId", "genreEntityId")
VALUES ('2c35f8ec-f67a-5cd5-9a02-462c9c594c51', '60724974-8c5c-4ef7-8f59-0fa98584b104');

INSERT INTO public.show_genres ("showEntityId", "genreEntityId")
VALUES ('2c35f8ec-f67a-5cd5-9a02-462c9c594c51', 'd4abdf63-dae3-4857-92c8-5e507f43ef3c');

INSERT INTO public.show_genres ("showEntityId", "genreEntityId")
VALUES ('80717d7f-9358-259f-5e65-bb54d1accbce', '53a2d079-ec35-4b26-be3f-561311b04f3f');

INSERT INTO public.show_genres ("showEntityId", "genreEntityId")
VALUES ('80717d7f-9358-259f-5e65-bb54d1accbce', 'f383a1b3-ca0c-4e16-b7b1-7198de7929e5');

INSERT INTO public.show_genres ("showEntityId", "genreEntityId")
VALUES ('80717d7f-9358-259f-5e65-bb54d1accbce', '79b43996-98e8-475b-9dfb-e67c55e04a46');

INSERT INTO public.show_genres ("showEntityId", "genreEntityId")
VALUES ('ebabc6ce-a497-4e6c-3119-cb2db1fcd4b0', '53a2d079-ec35-4b26-be3f-561311b04f3f');

INSERT INTO public.show_genres ("showEntityId", "genreEntityId")
VALUES ('ebabc6ce-a497-4e6c-3119-cb2db1fcd4b0', 'f383a1b3-ca0c-4e16-b7b1-7198de7929e5');

INSERT INTO public.show_genres ("showEntityId", "genreEntityId")
VALUES ('13cca053-5aac-09ab-ac84-ce49dcdd1f89', 'f383a1b3-ca0c-4e16-b7b1-7198de7929e5');

INSERT INTO public.show_genres ("showEntityId", "genreEntityId")
VALUES ('13cca053-5aac-09ab-ac84-ce49dcdd1f89', '79b43996-98e8-475b-9dfb-e67c55e04a46');

INSERT INTO public.show_genres ("showEntityId", "genreEntityId")
VALUES ('13cca053-5aac-09ab-ac84-ce49dcdd1f89', '2efc15d8-d5d1-4baa-b1eb-6bd8f71bfda2');

INSERT INTO public.show_genres ("showEntityId", "genreEntityId")
VALUES ('498e8c5a-a7fc-fd90-794e-6f7e5f5eda9d', '499eb266-d4ee-4cb0-8a29-604fd4cfb90a');

INSERT INTO public.show_genres ("showEntityId", "genreEntityId")
VALUES ('498e8c5a-a7fc-fd90-794e-6f7e5f5eda9d', '70f8a36c-9169-4d3b-9e26-071f012e28aa');

INSERT INTO public.show_genres ("showEntityId", "genreEntityId")
VALUES ('498e8c5a-a7fc-fd90-794e-6f7e5f5eda9d', 'f383a1b3-ca0c-4e16-b7b1-7198de7929e5');

INSERT INTO public.show_genres ("showEntityId", "genreEntityId")
VALUES ('ddccf36d-d4d7-cf5d-82db-93985fab33ac', '53a2d079-ec35-4b26-be3f-561311b04f3f');

INSERT INTO public.show_genres ("showEntityId", "genreEntityId")
VALUES ('ddccf36d-d4d7-cf5d-82db-93985fab33ac', 'f383a1b3-ca0c-4e16-b7b1-7198de7929e5');

INSERT INTO public.show_genres ("showEntityId", "genreEntityId")
VALUES ('1d4d598f-2aa6-f821-7857-eff06fe0a4f3', '53a2d079-ec35-4b26-be3f-561311b04f3f');

INSERT INTO public.show_genres ("showEntityId", "genreEntityId")
VALUES ('1d4d598f-2aa6-f821-7857-eff06fe0a4f3', 'f383a1b3-ca0c-4e16-b7b1-7198de7929e5');

INSERT INTO public.show_genres ("showEntityId", "genreEntityId")
VALUES ('1d4d598f-2aa6-f821-7857-eff06fe0a4f3', '0d1aa973-c906-4ce5-9de7-9c4324bc5c46');

INSERT INTO public.show_genres ("showEntityId", "genreEntityId")
VALUES ('7c9af1ee-d1ce-97d2-b4a3-f2abea1a150b', 'd4abdf63-dae3-4857-92c8-5e507f43ef3c');

INSERT INTO public.show_genres ("showEntityId", "genreEntityId")
VALUES ('7c9af1ee-d1ce-97d2-b4a3-f2abea1a150b', '53a2d079-ec35-4b26-be3f-561311b04f3f');

INSERT INTO public.show_genres ("showEntityId", "genreEntityId")
VALUES ('7c9af1ee-d1ce-97d2-b4a3-f2abea1a150b', 'f383a1b3-ca0c-4e16-b7b1-7198de7929e5');

INSERT INTO public.show_genres ("showEntityId", "genreEntityId")
VALUES ('cc485d12-bdcc-331d-c79a-99ba89186af6', 'f383a1b3-ca0c-4e16-b7b1-7198de7929e5');

INSERT INTO public.show_genres ("showEntityId", "genreEntityId")
VALUES ('d1f6b2f3-2be8-22c1-b051-cbe8e9dc8b8b', 'f383a1b3-ca0c-4e16-b7b1-7198de7929e5');

INSERT INTO public.show_genres ("showEntityId", "genreEntityId")
VALUES ('d1f6b2f3-2be8-22c1-b051-cbe8e9dc8b8b', '5ae2f56f-3866-4649-9801-bd98922cf39c');

INSERT INTO public.show_genres ("showEntityId", "genreEntityId")
VALUES ('d1f6b2f3-2be8-22c1-b051-cbe8e9dc8b8b', '2efc15d8-d5d1-4baa-b1eb-6bd8f71bfda2');

INSERT INTO public.show_genres ("showEntityId", "genreEntityId")
VALUES ('3350cca5-dd6f-1d8e-be9a-a6a4990f3caa', 'f383a1b3-ca0c-4e16-b7b1-7198de7929e5');

INSERT INTO public.show_genres ("showEntityId", "genreEntityId")
VALUES ('3350cca5-dd6f-1d8e-be9a-a6a4990f3caa', '5ae2f56f-3866-4649-9801-bd98922cf39c');

INSERT INTO public.show_genres ("showEntityId", "genreEntityId")
VALUES ('3350cca5-dd6f-1d8e-be9a-a6a4990f3caa', '79b43996-98e8-475b-9dfb-e67c55e04a46');

INSERT INTO public.show_genres ("showEntityId", "genreEntityId")
VALUES ('2ec9fd08-30f8-dbd3-dc54-359fbb42f189', '70f8a36c-9169-4d3b-9e26-071f012e28aa');

INSERT INTO public.show_genres ("showEntityId", "genreEntityId")
VALUES ('2ec9fd08-30f8-dbd3-dc54-359fbb42f189', 'f383a1b3-ca0c-4e16-b7b1-7198de7929e5');

INSERT INTO public.show_genres ("showEntityId", "genreEntityId")
VALUES ('2ec9fd08-30f8-dbd3-dc54-359fbb42f189', '2efc15d8-d5d1-4baa-b1eb-6bd8f71bfda2');

INSERT INTO public.show_genres ("showEntityId", "genreEntityId")
VALUES ('fbc39b0a-ada7-64d2-e0b5-c5cc8c7ccb42', '499eb266-d4ee-4cb0-8a29-604fd4cfb90a');

INSERT INTO public.show_genres ("showEntityId", "genreEntityId")
VALUES ('fbc39b0a-ada7-64d2-e0b5-c5cc8c7ccb42', '70f8a36c-9169-4d3b-9e26-071f012e28aa');

INSERT INTO public.show_genres ("showEntityId", "genreEntityId")
VALUES ('fbc39b0a-ada7-64d2-e0b5-c5cc8c7ccb42', 'f383a1b3-ca0c-4e16-b7b1-7198de7929e5');

INSERT INTO public.show_genres ("showEntityId", "genreEntityId")
VALUES ('2f6a697d-49c7-4b31-99bb-d9a4aff4006c', 'd4abdf63-dae3-4857-92c8-5e507f43ef3c');

INSERT INTO public.show_genres ("showEntityId", "genreEntityId")
VALUES ('2f6a697d-49c7-4b31-99bb-d9a4aff4006c', 'f383a1b3-ca0c-4e16-b7b1-7198de7929e5');

INSERT INTO public.show_genres ("showEntityId", "genreEntityId")
VALUES ('2f6a697d-49c7-4b31-99bb-d9a4aff4006c', '416663d9-9a7a-4419-82c6-169c6c5c5052');

INSERT INTO public.watching_entity ("userId", "showId", season, episode, "lastSeen")
VALUES ('83a5bc1c-1e76-41d9-8bef-8c92d5b52185', 'ed597572-506e-4316-ad6a-7d406632714a', 2, 17, '16/11/2023');

INSERT INTO public.watching_entity ("userId", "showId", season, episode, "lastSeen")
VALUES ('83a5bc1c-1e76-41d9-8bef-8c92d5b52185', '63830d72-6189-4653-9a87-deb775469726', 4, 30, '05/11/2023');

INSERT INTO public.watching_entity ("userId", "showId", season, episode, "lastSeen")
VALUES ('83a5bc1c-1e76-41d9-8bef-8c92d5b52185', '1fc8e1ce-95bf-0efd-b11b-fef499b6afa0', 1, 9, '25/08/2022');

INSERT INTO public.watching_entity ("userId", "showId", season, episode, "lastSeen")
VALUES ('83a5bc1c-1e76-41d9-8bef-8c92d5b52185', 'cf3abb21-f8c7-968c-bbd7-4d7cd79df4ef', 8, 10, '17/09/2021');

INSERT INTO public.watching_entity ("userId", "showId", season, episode, "lastSeen")
VALUES ('83a5bc1c-1e76-41d9-8bef-8c92d5b52185', '471ae3fb-e428-fc23-9a35-50dd9e6e6e8e', 6, 13, '22/07/2021');

INSERT INTO public.watching_entity ("userId", "showId", season, episode, "lastSeen")
VALUES ('83a5bc1c-1e76-41d9-8bef-8c92d5b52185', '9eff880d-67d7-b949-6ad2-0055c57ac51c', 3, 8, '27/06/2020');

INSERT INTO public.watching_entity ("userId", "showId", season, episode, "lastSeen")
VALUES ('83a5bc1c-1e76-41d9-8bef-8c92d5b52185', '7f9cad09-bf63-a60c-573b-9ca34ee146e7', 2, 8, '27/02/2023');

INSERT INTO public.watching_entity ("userId", "showId", season, episode, "lastSeen")
VALUES ('83a5bc1c-1e76-41d9-8bef-8c92d5b52185', 'c8fa9fef-daff-922b-4bd0-b9b06fbd278c', 2, 6, '17/07/2022');

INSERT INTO public.watching_entity ("userId", "showId", season, episode, "lastSeen")
VALUES ('83a5bc1c-1e76-41d9-8bef-8c92d5b52185', 'e4a4b7f6-6cfe-20b5-7f5b-bb8baeac18eb', 1, 9, '10/11/2022');

INSERT INTO public.watching_entity ("userId", "showId", season, episode, "lastSeen")
VALUES ('83a5bc1c-1e76-41d9-8bef-8c92d5b52185', '7517fefa-2889-cc27-cdf8-b11c6ce51393', 7, 6, '14/01/2021');

INSERT INTO public.watching_entity ("userId", "showId", season, episode, "lastSeen")
VALUES ('83a5bc1c-1e76-41d9-8bef-8c92d5b52185', '0c38d56a-fd5d-43b3-935c-7ce8a6b9ede8', 1, 9, '24/09/2021');

INSERT INTO public.watching_entity ("userId", "showId", season, episode, "lastSeen")
VALUES ('83a5bc1c-1e76-41d9-8bef-8c92d5b52185', 'aec20e7b-a2f5-ffea-f336-5a686cea00c2', 4, 9, '01/07/2022');

INSERT INTO public.watching_entity ("userId", "showId", season, episode, "lastSeen")
VALUES ('83a5bc1c-1e76-41d9-8bef-8c92d5b52185', 'd54c70ce-c4e9-d67e-7d8f-ad7f3057e481', 4, 10, '28/05/2023');

INSERT INTO public.watching_entity ("userId", "showId", season, episode, "lastSeen")
VALUES ('83a5bc1c-1e76-41d9-8bef-8c92d5b52185', 'd8be101b-e67d-97ec-6faf-23a93a2ddafb', 3, 8, '08/07/2022');

INSERT INTO public.watching_entity ("userId", "showId", season, episode, "lastSeen")
VALUES ('83a5bc1c-1e76-41d9-8bef-8c92d5b52185', 'd91477b4-0577-bc1b-ff4e-8ad397c460ad', 1, 7, '30/10/2020');

INSERT INTO public.watching_entity ("userId", "showId", season, episode, "lastSeen")
VALUES ('83a5bc1c-1e76-41d9-8bef-8c92d5b52185', 'b7cd7669-a2ea-852f-fd9b-17127aa8e153', 1, 9, '05/03/2021');

INSERT INTO public.watching_entity ("userId", "showId", season, episode, "lastSeen")
VALUES ('bc85d923-857e-4d25-8e7d-c7f7fa7a8b8b', '9ff2b7d5-8970-42a2-87f9-401948d5fb02', 1, 14, '20/11/2023');

INSERT INTO public.watching_entity ("userId", "showId", season, episode, "lastSeen")
VALUES ('bc85d923-857e-4d25-8e7d-c7f7fa7a8b8b', '7ffaf3bb-aa48-aa3e-af9a-abedddf3fcfe', 7, 10, '15/11/2023');

INSERT INTO public.watching_entity ("userId", "showId", season, episode, "lastSeen")
VALUES ('bc85d923-857e-4d25-8e7d-c7f7fa7a8b8b', '6c2b62c0-39e8-dcbe-f377-b2668c17538e', 31, 9, '09/08/2022');

INSERT INTO public.watching_entity ("userId", "showId", season, episode, "lastSeen")
VALUES ('bc85d923-857e-4d25-8e7d-c7f7fa7a8b8b', 'd3e8fde3-cefa-0f3e-cdfa-22dc581b46eb', 9, 16, '09/08/2019');

INSERT INTO public.watching_entity ("userId", "showId", season, episode, "lastSeen")
VALUES ('bc85d923-857e-4d25-8e7d-c7f7fa7a8b8b', 'acdd94ce-0d9a-33ab-184f-48a5cad81df8', 4, 1, '09/10/2023');

INSERT INTO public.watching_entity ("userId", "showId", season, episode, "lastSeen")
VALUES ('bc85d923-857e-4d25-8e7d-c7f7fa7a8b8b', '0c38d56a-fd5d-43b3-935c-7ce8a6b9ede8', 1, 9, '20/11/2021');

INSERT INTO public.watching_entity ("userId", "showId", season, episode, "lastSeen")
VALUES ('bc85d923-857e-4d25-8e7d-c7f7fa7a8b8b', '7f9cad09-bf63-a60c-573b-9ca34ee146e7', 2, 8, '06/05/2022');

INSERT INTO public.watching_entity ("userId", "showId", season, episode, "lastSeen")
VALUES ('bc85d923-857e-4d25-8e7d-c7f7fa7a8b8b', '13cca053-5aac-09ab-ac84-ce49dcdd1f89', 7, 2, '04/09/2023');

INSERT INTO public.watching_entity ("userId", "showId", season, episode, "lastSeen")
VALUES ('bc85d923-857e-4d25-8e7d-c7f7fa7a8b8b', 'd1f6b2f3-2be8-22c1-b051-cbe8e9dc8b8b', 10, 10, '22/04/2023');

INSERT INTO public.watching_entity ("userId", "showId", season, episode, "lastSeen")
VALUES ('bc85d923-857e-4d25-8e7d-c7f7fa7a8b8b', '3350cca5-dd6f-1d8e-be9a-a6a4990f3caa', 1, 10, '31/07/2023');

INSERT INTO public.watching_entity ("userId", "showId", season, episode, "lastSeen")
VALUES ('bc85d923-857e-4d25-8e7d-c7f7fa7a8b8b', '2f6a697d-49c7-4b31-99bb-d9a4aff4006c', 1, 336, '16/08/2022');

INSERT INTO public.watching_entity ("userId", "showId", season, episode, "lastSeen")
VALUES ('bc85d923-857e-4d25-8e7d-c7f7fa7a8b8b', '2c35f8ec-f67a-5cd5-9a02-462c9c594c51', 3, 10, '23/01/2020');